mineke_lemma_id	mineke_lemma	mineke_entry_number	biller_match_lemma_id	biller_match_lemma	biller_match_billerbeck_id	biller_match_entry_number	biller_match_similarity	headword_match_greek_headword	headword_match_billerbeck_id	headword_match_meineke_id	headword_match_nodegoat_id	headword_match_similarity	headword_target_lemma_id	agree_target
135494	Ἀγκυῶν		61086	Ἀγκών	Α36	36	0.833333	Ἀγκυρῶν	Α35	18.9	ngLS5X182MibwMSTxMU9vUScPLkAbTyYAMjvwPST	0.857143	61085	0
135512	Ἄγχιστις		11940	Ὀγχηστός	Ο8	8	0.625000	Ἀγχίση	Α54	24.16	ngEL7y081ELupFLSqF180NLzIFXTuMrzTEMopILS	0.625000	61104	0
135515	Ὰδανίς	1	32001	Σάδαλις	Σ10	10	0.714286	Ἀβαντίς	Α3	3.1	ngFM1B980HMv3GMRrFO7qOMaJGYUvNsCUHNp3JMR	0.714286	61053	0
135516	Ὰδαρούπολις	2	61106	Ἀδαρούπολις		56	1.000000	Ἀδαρούπολις	Α56	26.5	ngGN7w283INwqHNasH303PNVKGZVwOtxVIOqqKNa	1.000000		0
135527	Ἀδρύμης / Ἀδρύμητος	2	61117	Ἀδρύμης, Ἀδρύμητος	Α67	67	1.000000	Ἀμήστρατος	Α268	85.14	ngSZ8q485UZi4TZieSB27BZHWULHiAfrHUAc4WZi	0.500000	82928	0
135528	Ἀδρύμητος	3	61111	Ἀδράμυττις	Α61	61	0.600000	Ἀδρύμης	Α67	29.12	ngRY8D384TIh8SYZdTK13AYGVRKGhZeEGTJb8VYZ	0.777778	61117	0
135529	Ἀδυς	4	2466	Καοῦς	Κ64	64	0.600000	Ἄδρυξ	Α68	30.5	ngSZ8q485UZi4TZieSB28BZrWSrHiAfrHUAc4WZi	0.600000	61118	0
135535	Ὰδαρουπόλις	2	61106	Ἀδαρούπολις		56	1.000000	Ἀδαρούπολις	Α56	26.5	ngGN7w283INwqHNasH303PNVKGZVwOtxVIOqqKNa	1.000000		0
135547	Ἀθύμης / Ἀθυμητος		61117	Ἀδρύμης, Ἀδρύμητος	Α67	67	0.750000	Ἀμήστρατος	Α268	85.14	ngSZ8q485UZi4TZieSB27BZHWULHiAfrHUAc4WZi	0.500000	82928	0
135548	Ἀθυμητος	1	61022	Ὑμηττός	Υ29	29	0.625000	Ἄκυτος	Α181	66.1	ngFM9z788GsvsGMBrFe50OMKJFYUvNsaUG7psJMB	0.625000	80207	0
135549	Ἀδρευς	2	15927	Δρῦς	Δ138	138	0.666667	Ἄδρυξ	Α68	30.5	ngSZ8q485UZi4TZieSB28BZrWSrHiAfrHUAc4WZi	0.666667	61118	0
135550	Ἀδραματιαι	3	102792	Ἀτραμῖται	Α522	522	0.700000	Χαδραμωτῖται	Χ3	677.11	ngEL7y081ELuoFLcqFN83NLdIEdTuMrzTEMooILc	0.750000		0
135559	Ἀψωρεάτις / Ἀψωρεῖς	1	2079	Καισάρεια	Κ16	16	0.437500	Ἀντιπατρίς	Α335	100.15	ngLS5X182MibwMSTxME95USYPNEAbTyYAMjvwPST	0.437500	85703	0
135568	Λάμψα		32038	Σάμψα	Σ47	47	0.800000	Λάμια	Λ25	409.4	ngOV8e081OFe0PVKaOX83XVPSOnDeWbfDOGy0SVK	0.800000		0
135577	Μηλοβότιεια & Αἴγειρα	1	12823	Ὀλόβαγρα	Ο49	49	0.388889	Αἴγειρα	Α95	39.6	ngXE1B182ZEniYETjZG94GEUBIQL1FkwMXFhjBEv	0.388889	61144	0
135638	Αἴσαι		61190	Αἰραί	Α141	141	0.800000	Αἰγαί	Α94	38.9	ngWD1m081YDm1XDWiXF82FDLAHPK3EjvLXEgjADE	0.800000		0
135671	Ἀκοροθιρνθος	4	3269	Κόρινθος	Κ161	161	0.666667	Ἀκροκόρινθος	Α171	63.17	ngVC8t788XMl8WCVhW851ECOZVuKlDiuKXNf8ZCV	0.666667	80197	0
135680	Ἄκυνθος		7222	Κύνθος	Κ266	266	0.857143	Ζάκυνθος	Ζ8	294.3	ngZG6H586ZGpjAGNlBS38IGMDZSOpHmIOZHjjDGN	0.875000		0
135692	Ἀλαμανοί		82918	Ἀμαραντοί	Α258	258	0.666667	Ἀλαμανοί	Α192	69.3	ngUB0s889WBk1VBUgWN6gDBpYFNI3ChtJV8ehYBo	1.000000		0
135693	Ἀλανός		8977	Μαλάνιος	Μ36	36	0.750000	Ἀλανός	Α193	69.4	ngVC0H980XCliWCVhVE71ECqZGOJ1DiuKV9fiZCN	1.000000		0
135694	Ἀλαφῶδοι		82919	Ἀμαρδοί	Α259	259	0.625000	Ἀλαρόδιοι	Α194	69.5	ngWD1m081YDm1XDWiXv82FDLAHPK3EjvLXEgjADI	0.666667		0
135699	Ἄλκεα		80225	Ἀλέα		199	0.800000	Ἀλέα	Α199	69.20	ngBI1X586DSrmCIrnBU35KKmFBaP9JoUQC5llFIF	0.800000		0
135700	ἐστι καὶ Θετταλίας. καὶ ἄλλη Καφητανῶν ἔθνος Κελτικὸν.	1	39863	Σκορδίσκοι καὶ Σκίρτιοι	Σ215	215	0.288889	Ἀτροπατία καὶ Ἀτροπάτιος	Α526	143.22	ngCJ4G283CTsnDJUoEV02LJRGEVRsKpHRCUmnGJU	0.288889	102796	0
135701	Ἀλεξάνδρειαι πόλεις ὀκτωκαίδεκα. πρώτη ἡ Αἰγυπτία	2	2473	Κάραλλις ἢ Καράλλεια	Κ71	71	0.279070	Τριποδίσκος καὶ Τριποδίσκοι	Τ195	637.1	ngDK4H384DKtpEKHpDM13MKAHDWStLqISDLnpHKH	0.302326	51032	0
135703	Ἀλεξανδρεύς		11086	Νεάνδρεια	Ν25	25	0.545455	Ἀλεξάνδρειαι	Α200	70.8	ngCJ1U687DTspDJKoC74mLJRGNVQnKpHRC6m7GJC	0.750000		0
135705	Ἀλδαία		80228	Ἀλθαία		202	0.833333	Ἀλθαία	Α202	73.3	ngEL1E889Ebu3FLSqFX6oNLXIEdTuMrFTEco3ILS	0.833333		0
135723	Ἀλλόβρυγες		32017	Σάλλυες	Σ26	26	0.500000	Ἀλλόβρυγες	Α221	76.6	ngWD3A687Xtm9XDIiYF4gFDTAWPLmEjBLXug9ADI	1.000000		0
135727	Ἀλιμπος	1	12834	Ὄλυμπος	Ο60	60	0.714286	Αἷμος	Α131	50.8	ngHO4H788IuxsIOTtIA57QOILIgWxPuIWI7rsLOT	0.714286	61180	0
135728	Ἀλοννησος	2	11033	Μυόννησος	Μ243	243	0.777778	Ἁλόννησος	Α225	77.4	ngAH4E081Axq3BHWmCT8kJHPEBTPqInFPAyk3EHW	1.000000		0
135752	Ἀμαζώνιον – Ἀμάθεια – Ἀμαθούς – Ἀμαλκῖται – Ἀμαμασσός – Ἄμανον – Ἀμαντίς		22188	Ἰάων καὶ Ἰήων. καὶ ῥῆμα ἰαονίζω, ἀφ᾽ οὗ τὸ ἰαονιστὶ ἐπίρρημα. ἐκ δὲ τοῦ Ἰάων τὸ Ἰάν. λέγεται καὶ θηλυκῶς Ἰάς καὶ Ἰαονίς.	Ι17	17	0.279570	Ἁλαὶ Ἀραφηνίδες καὶ Ἁλαὶ Αἰξωνίδες	Α189	67.10	ngRY0J586RYh5SYRdRA3dAYEVSKGhZeKGRZb5VYR	0.259259	80215	0
135783	Ἀμυν-		44219	Τάμυνα	Τ15	14	0.666667	Ἀμυδών	Α281	87.12	ngFM9z788GsvsGMBrF859OMUJFYUvNsaUG7psJMB	0.666667	82941	0
135796	Ἀμφρεύς	4	3086	Καφηρεύς	Κ141	141	0.625000	Ἄμφρυσος	Α299	91.9	ngBI1X586DSrnCIJnC63nKKmFBaP9JoYQCJl8FIX	0.625000	85667	0
135807	Ἀναυνία		11078	Ναρνία	Ν17	17	0.714286	Ἀζανία	Α71	30.15	ngVC8t788XMl8WCVhW852ECIZXOKlDiuKXNf8ZCV	0.714286	61121	0
135808	Ἀνθανιεύς / Ἀνθανία / Ἀνθανίανες	1	135357	Φαίαξ καὶ Φαιακία	Φ5	5	0.346154	Ἀρδαλίδες καὶ Ἀρδαλιώτιδες	Α407	115.13	ngJQ2F384KQzvKQJvJS16SQONKCYzRwGYKRtvNQJ	0.346154		0
135838	Ἀντιφελλος καὶ Φελλός		85706	Ἀντίφελλος		338	0.526316	Ἀντίφελλος καὶ Φελλός	Α338	101.6	ngOV5A485OVeyPVKaPn28XVnSPnDeWbBDOWyySVK	1.000000		0
135856	Ἄπις	1	11073	Νάπις	Ν12	12	0.800000	Ἀσπίς	Α485	134.15	ngNU0F182OUd1OUdzNm9zWUmRNmCdVaGCOVx1RUd	0.800000	105722	0
135883	Ἀράβασσοι		2055	Καβασσός	Κ2	2	0.666667	Ἀκαρασσός	Α154	58.6	ngEL7y081ELupFLSqF182NLJIEXTuMrzTEMopILS	0.666667	61203	0
135886	Ἄβις		20845	Ἴαβις	Ι1	1	0.800000	Ἄρβις	Α390	111.8	ngSZ0K687Spi7TZKeUL47BZXWSLHiAfLHSqc7WZK	0.800000	96960	0
135888	Ἀβρων		6659	Ἑβρών	Ἑ4	4	0.800000	Ἐβρών	Ε4	260.1	ngJQ7z586Jwz5KQJvJS3wSQWNLCYzRwaYJ5t5NQJ	0.800000		0
135894	Ἀργέου νῆσος	3	99802	Ἄρεος νῆσος	Α413	413	0.818182	Ἀργέου νῆσος	Α397	112.7	ngZG1V384BQplAGLlZ416IGMDKSNlHmuOZxj5DGZ	1.000000	96967	0
135905	Ἀφδαλίδες		96977	Ἀρδαλίδες		407	0.888889	Δαιδαλίδαι	Δ6	216.19	ngMT2I687NDczNTIyOV46VTNQMlBcUzJBNEwzQTI	0.600000	2786	0
135906	Ἀφδέα		96978	Ἄρδεα		408	0.800000	Ἀρδέα	Α408	115.17	ngKR2G485LhaxLRewK529TRLOKjZaSxHZLiuxORe	0.800000		0
135911	Ἀρήνη		2482	Καρήνη	Κ80	80	0.833333	Ἀτρήνη	Α524	143.12	ngAH4E081Axq3BHWmCT8nJHPEBTPqInFPAyk3EHW	0.833333	102794	0
135913	Ἄρια		99805	Ἀρία		416	1.000000	Ἀρία	Α416	117.21	ngSZ3K283Tfi5TZKeS30eBZFWSLHiAfLHT2c5WZK	1.000000		0
135914	Ἀρειανή		14875	Δρεπάνη	Δ127	127	0.714286	Αἰανή	Α88	37.7	ngQX0I485RHg6RXEcRZ2bZXRURpFgYdJFRIa6UXE	0.714286	61138	0
135918	Ἀρχεσινη		99818	Ἀρκεσίνη		429	0.875000	Ἀρκεσίνη,	Α429	121.1	ngFM4F586HMvrGMNrFY35OMKJFYUvNsGUHNprJMN	0.875000		0
135929	Ἄρηνη		2482	Καρήνη	Κ80	80	0.833333	Ἀτρήνη	Α524	143.12	ngAH4E081Axq3BHWmCT8nJHPEBTPqInFPAyk3EHW	0.833333	102794	0
135935	Ἀετινα		7256	Κύτινα	Κ300	300	0.666667	Ἀερία	Α70	30.9	ngUB8s687Vhk6VBCgUD41DBHYVNJkChtJV6e6YBC	0.666667	61120	0
135936	Ἀερτινα		48661	Τέρινα	Τ97	97	0.714286	Ἀερία	Α70	30.9	ngUB8s687Vhk6VBCgUD41DBHYVNJkChtJV6e6YBC	0.714286	61120	0
135939	Ἀερετήιον		17080	Ἐργέτιον	Ε104	104	0.666667	Ἀρρήτιον	Α450	125.14	ngAH6I687AxqkBHImAJ47JHXEBTPqInJPAykkEHI	0.666667	99839	0
135940	Ἀερχνοι		96974	Ἀγυρῖνοι	Α404	404	0.625000	Ἀρόερνοι	Α441	124.3	ngRY5Z788TYh9SYRdSA59AYOVSKGhZeAGTZb9VYR	0.625000	99830	0
135941	Ἀερσα		26741	Πέρσα	Π118	118	0.800000	Ἀερία	Α70	30.9	ngUB8s687Vhk6VBCgUD41DBHYVNJkChtJV6e6YBC	0.800000	61120	0
135952	Ἀρτεμίτα	4	99851	Ἀρτέμιτα		462	1.000000	Ἀρτεμίτα	Α462	128.8	ngMT7c889Mjc8NTMyNl61VTBQMFBcUzdBMkw8QTM	1.000000		0
136003	Λέσβος		8901	Λίσσος	Λ79	79	0.666667	Ἴσβος	Ι97	338.1	ngNU0F182OUd2OUJzOm94WUORNmCdVaGCOVx2RUJ	0.666667	23649	0
136004	Λασαρηνοί		2337	Καμαρηνοί	Κ43	43	0.777778	Δαχαρηνοί	Δ37	223.7	ngRY5Z788TYh8SYhdSK59AYiVSqGhZeAGTZb8VYh	0.777778	13818	0
136011	Ἀτρεμίπια	2	41979	Στειριά	Σ268	268	0.555556	Ἀκραιφία	Α168	63.1	ngSZ8q485UZi4TZieSr2cBZXWULHiAfrHUAc4WZi	0.555556	80194	0
136029	οἰκιστής / Αὐλίς		2617	Κασταλία	Κ117	117	0.461538	Ἡφαίστου πόλις		305.18	ngIP2E283KZyvJPQuIB02RPXMKBXyQvFXKAsvMPQ	0.461538		0
136033	Αὐγάδα	4	6660	Ἐγγάδα	Ἐ5	5	0.666667	Αὔαρα	Α532	144.19	ngIP4I889Ivy9JPguKR6tRPRMIhXyQvJXI8s9MPg	0.666667	102802	0
136034	Αὐγάται	5	102805	Αὐγειαί	Α535	535	0.714286	Αὔγουσται	Α537	145.14	ngNU5Z384OEdyOUlzPW18WUmROmCdVaACOFxyRUl	0.666667	102807	0
136035	Ἄδων		32041	Σάνδων	Σ50	50	0.666667	Ἀβυδών	Α17	10.11	ngTA3L384VKj7UAFfUC14CAMXTsIjBgMIVLd7XAF	0.666667	61067	0
136052	Ἀχανοι		61122	Ἀζανοί	Α72	72	0.833333	Ἀχανοί	Α564	151.11	ngOV8e081OFe0PVGaPn8bXVBSQHDeWbfDOGy0SVG	1.000000		0
136053	Ἀχαινεῖς		9601	Μελαινεῖς	Μ121	121	0.666667	Ἀχαιμενία	Α563	151.9	ngNU7Z980PUdaOUlzOG73WUKRNGCdVaACPVxaRUl	0.666667	105800	0
136072	Βάδω		105827	Βάδεως	Β9	9	0.666667	Σαρδώ	Σ71	556.19	ngIP7y485JvysJPWuJh2vRPNMIBXyQvzXJ4ssMPW	0.600000	32062	0
136079	Ἐρυθρὰ θάλασσα		2610	Κασπία θάλασσα	Κ110	110	0.615385	Ἐρυθρὰ βῶλος	Ε130	280.6	ngNU0F182OUd2OUJzOm9xWUCRPGCdVaGCOVx2RUJ	0.615385	17106	0
136089	Βάλβωνα		32024	Σάλωνα	Σ33	33	0.714286	Βέλβινα	Β59	161.12	ngQX5C687Qng8RXgcR74aZXVURJFgYdDFQoa8UXg	0.714286	105876	0
136102	Βάγαρασα		7638	Λαγαρία	Λ7	7	0.625000	Αγρισα	Α48	22.1	ngYF6G485ZPoiZFokYH2lHFVCZRNoGlHNZQiiCFo	0.625000	61098	0
136115	Βεβρύκαι	4	13836	Δερβίκκαι	Δ55	55	0.555556	Βεβρύκων	Β58	161.6	ngPW5B586PWf7QWXbQY37YWMTQIEfXcCEPXz7TWX	0.750000	105875	0
136125	Βενναῖος		26708	Πειραιός	Π85	85	0.625000	Βέννα	Β67	162.17	ngYF6G485ZPoiZFokYx2iHFHCYxNoGlHNZQiiCFo	0.625000	108933	0
136154	ταμὸς. τὸ ἐθνικὸν Βιασάλιος		3274	Κορνίκολος	Κ166	166	0.347826	Ἀλωπεκόννησος	Α242	80.13	ngSZ5E889SJi1TZOeSr68BZFWSLHiAfFHSKc1WZO	0.347826	82902	0
136177	Βόθριππα		20849	Ἰάθριππα	Ι5	5	0.750000	Βόρσιππα	Β126	176.7	ngJQ2F384KQzvKQJvJS14SQKNJiYzRwGYKRtvNQJ	0.750000	108992	0
136178	Βόθυστα		3499	Κοτύρτα	Κ191	191	0.571429	Ἀσβύστα	Α470	130.5	ngUB8s687Vhk6VBCgUD46DBHYWNJkChtJV6e6YBC	0.571429	99859	0
136184	Βοτάειον		115297	Βοτίειον		133	0.875000	Βοτιάειον	Β132	179.11	ngPW2L980Pmf4QWDbQo79YWkTQIEfXcMEPnz4TWD	0.888889		0
136192	Βουδόπη	5	31969	Ῥοδόπη	Ρ43	43	0.714286	Βουθόη	Β140	180.19	ngXE3B788Ykn0YEvjXQ5jGEwBXwMnFkCMY7h0BEv	0.714286	115304	0
136200	Βουνυμα		115311	Βούνιμα		147	0.857143	Βούνειμα	Β147	182.9	ngEL4E485GVupFLAqEX2qNLXIFdTuMrFTGWopILA	0.750000		0
136216	Βρεττιον		30168	Ῥεάτιον	Ρ18	18	0.750000	Βρεττία	Β169	185.19	ngAH6I687AxqkBHumBT41JHTEAzPqInJPAykkEHu	0.750000	115333	0
136217	Βεττιανοί		9034	Μαστιανοί	Μ93	93	0.666667	Βελιτανοί	Β62	161.20	ngTA5B980Ugj0UAXfVC70CAsXTsIjBgCIU9d0XAX	0.666667	108928	0
136220	Βερικυνία		17088	Ἐρίκεια	Ε112	112	0.666667	Βιθυνία	Β98	169.19	ngDK9x586FKt9EKPpE638MKQHFWStLqySFLn9HKP	0.666667	108964	0
136261	Γαλαλαῖος	3	121791	Γαλιλαῖοι		27	0.777778	Γαλιλαῖοι	Γ25	197.18	ngJQ2F384KQzvKQhvKi15SQSNKiYzRwGYKRtvNQh	0.777778		0
136263	Γαλλία		121789	Γαλλία		25	1.000000	Γαλλία	Γ27	198.1	ngLS2H586LybxMSTxL638USUPLkAbTyIAL5vxPST	1.000000		0
136280	Γέλωνός		121810	Γελωνοί		46	0.857143	Γελωνός	Γ46	201.10	ngEL4E485GVupFLAqEX2rNLTIGXTuMrFTGWopILA	1.000000		0
136281	Γενέα	1	121811	Γενέα		47	1.000000	Γενέα	Γ47	202.7	ngFM4F586HMvqGMdrGO39OMGJFeUvNsGUHNpqJMd	1.000000		0
136283	Γένεσις, πόλις Λακωνικῆς	3	48664	Τετράπολις τῆς Ἀττικῆς	Τ100	100	0.428571	Ἀπολλωνιεῖς	Α362	106.19	ngMT7c889Mjc8NTMyNl60VTVQNlBcUzdBMkw8QTM	0.380952	96932	0
136285	Γένουα, πόλις τῶν Λιγύων Ἰταλίας	5	48664	Τετράπολις τῆς Ἀττικῆς	Τ100	100	0.370370	Ἀπολλωνιεῖς	Α362	106.19	ngMT7c889Mjc8NTMyNl60VTVQNlBcUzdBMkw8QTM	0.370370	96932	0
136294	Γεργῖνοι		17104	Ἐρυθῖνοι	Ε128	128	0.625000	Γεντῖνος	Γ53	203.3	ngLS5X182MibwMSXxLk92USIPNEAbTyYAMjvwPSX	0.625000	121817	0
136296	Γέραρα		121821	Γέρασα	Γ57	57	0.833333	Γέρμαρα	Γ62	205.15	ngUB6C081WLk2VBkgUt82DBHYUNJkChDJWMe2YBk	0.857143		0
136319	Γλάσας		125104	Γλίσσας		86	0.714286	Γλισάς	Γ86	209.16	ngSZ8q485UZi4TZSeSL2fBZnWULHiAfrHUAc4WZS	0.833333		0
136322	Γόλογοι		125107	Γόλγοι		89	0.857143	Γολγοί	Γ89	210.3	ngVC8t788XMl8WCRhXO5hECmZVuKlDiuKXNf8ZCR	0.857143		0
136330	Γοργιττηπεία		125115	Γοργιππία		97	0.666667	Γοργίππεια	Γ97	211.7	ngDK9x586FKt9EKbpE637MKIHFWStLqySFLn9HKb	0.750000		0
136338	Γοῦνας	4	125123	Γοῦναι		105	0.833333	Γούνας	Γ105	212.12	ngPW0H384Pcf3QWjbP413YWYTPoEfXcIEP3z3TWj	1.000000		0
136343	Γερσῖνος	3	11047	Μύρσινος	Μ257	257	0.750000	Γεντῖνος	Γ53	203.3	ngLS5X182MibwMSXxLk92USIPNEAbTyYAMjvwPSX	0.750000	121817	0
136375	Δασαφῖται	1	2612	Κασσανῖται	Κ112	112	0.700000	Δασσαρῆται	Δ28	220.21	ngIP4I889Ivy9JPyuJR6uRPXMIBXyQvJXI8s9MPy	0.700000	13812	0
136379	Δασσαφῖται	5	2612	Κασσανῖται	Κ112	112	0.800000	Δασσαρῆται	Δ28	220.21	ngIP4I889Ivy9JPyuJR6uRPXMIBXyQvJXI8s9MPy	0.800000	13812	0
136380	Δασσαφῖτις	1	2612	Κασσανῖται	Κ112	112	0.600000	Αἰανῖτις	Α89	37.11	ngRY0J586RYh5SYRdRA3cAYmVRKGhZeKGRZb5VYR	0.600000	61139	0
136383	Δανύ	4	15824	Δάφνη	Δ35	35	0.600000	Ἄδανα	Α55	24.19	ngFM7v182Gsv6GMFrF293OMKJHYUvNswUG1p6JMF	0.600000	61105	0
136393	Δεσιλοί		13820	Δασιλοί	Δ39	39	0.857143	Δάρσιοι	Δ24	220.6	ngEL4E485GVupFLAqEX24NLTIEXTuMrFTGWopILA	0.571429	13808	0
136445	Δοιᾶντος	1	11945	Ὀδόμαντοι	Ο13	13	0.666667	Δοίαντος	Δ103	235.1	ngJQ2F384KQzvKQhvKi13SQaNJiYzRwGYKRtvNQh	1.000000	14851	0
136474	Δελιώνιος		13821	Δειπνιάς	Δ40	40	0.666667	Γελωνός	Γ46	201.10	ngEL4E485GVupFLAqEX2rNLTIGXTuMrFTGWopILA	0.666667		0
136478	Δεῦμη		3842	Δύμη	Δ140	140	0.800000	Δρύμη	Δ134	239.16	ngOV5A485OVeyPVAaPn25XVHSPnDeWbBDOWyySVA	0.800000	14882	0
136479	Δερμνία		13837	Δέραια	Δ56	56	0.714286	Γερηνία	Γ60	205.5	ngSZ5E889SJi1TZKeTB62BZrWSrHiAfFHSKc1WZK	0.714286	121824	0
136481	Δρόντη		3278	Κόροντα	Κ169	170	0.571429	Ἄδροττα	Α66	29.6	ngQX8C283Rdg7RXQcR307ZXVUQJFgYdDFR2a7UXQ	0.571429	61116	0
136483	Δυμαίος	1	2789	Δαμαῖοι	Δ9	9	0.714286	Βύμαζος	Β193	190.14	ngYF9w081Yvo4ZFCkYx8lHFtCZRNoGlxNYwi4CFC	0.714286	115358	0
136496	Δωδώνιον		5216	Δωδώνη	Δ146	146	0.625000	Ἀρδύνιον	Α409	116.3	ngLS2H586LybxMSDxLU3wUSEPLkAbTyIAL5vxPSD	0.625000	96979	0
136500	Δευκαλιωνος	1	10332	Μυκαλησσός	Μ230	230	0.545455	Ἄλπωνος	Α229	78.14	ngFM4F586HMvrGMNrFY37OMCJGYUvNsGUHNprJMN	0.545455	82889	0
136506	Ἔβροα	2	6657	Ἔβορα	Ε2	2	0.600000	Ἄβροι	Α14	9.3	ngQX3I081SXg3RXQcRJ8aZXNUSJFgYdJFSYa3UXQ	0.600000	61064	0
136507	Ἐβραῖοι	3	6658	Ἑβραῖοι	Ἑ3	3	1.000000	Ἐβραῖοι	Ε3	259.6	ngIP7y485JvysJPWuKB26RPVMKBXyQvzXJ4ssMPW	1.000000		0
136508	Ἐβᾶτα	4	17079	Ἕρβιτα	Ε103	103	0.666667	Γέβαλα	Γ42	200.11	ngAH4E081Axq2BHMmBJ8kJHPEBTPqInFPAyk2EHM	0.666667	121806	0
136509	Ἐβρών		6659	Ἑβρών	Ἑ4	4	1.000000	Ἐβρών	Ε4	260.1	ngJQ7z586Jwz5KQJvJS3wSQWNLCYzRwaYJ5t5NQJ	1.000000		0
136510	Ἐγγαδά		6660	Ἐγγάδα	Ἐ5	5	1.000000	Ἔγγαδα	Ε5	260.3	ngKR7a687LBa7LRYwLj46TRbOLjZaSxbZLCu7ORY	1.000000		0
136520	Ἐδουμαῖοι	2	22197	Ἰδουμαῖοι	Ι26	26	0.888889	Ἐδουμαῖοι	Ε14	261.3	ngTA8L586TKjdUABfTM36CAGXUsH5B6eITBddXAH	1.000000		0
136521	Ἔδρα	3	15962	Ἔγρα	Ε9	9	0.750000	Ἕδρα	Ε15	261.6	ngUB8s687VhkhVBogV746DBNYUtJkChtJV6ehYBo	1.000000		0
136522	Ἐννέσταί	4	26721	Πενέσται	Π98	98	0.750000	Ἐθνέσται	Ε16	261.8	ngVC8t788XMl8WCRhXO50ECSZXOKlDiuKXNf8ZCR	0.875000		0
136523	Εἰδομένη	5	22196	Ἰδομεναί	Ι25	25	0.625000	Εἰδομενή	Ε17	261.10	ngWD8u889XDm8XDOiWP6gFDTAWPLmEjvLXEg8ADO	1.000000		0
136524	Εἴζηλος	6	14827	Δίζηρος	Δ79	79	0.714286	Εἴζηλος	Ε18	261.12	ngXE8v980YEn4YEJjXQ72GEGBXwMnFkwMYFh4BEJ	1.000000		0
136525	Εἰλείσιον	7	26739	Περραίσιον	Π116	116	0.600000	Εἰλέσιον	Ε19	261.13	ngYF9w081Yvo4ZFCkYx8kHFZCZxNoGlxNYwi4CFC	0.888889		0
136526	Εἰληθυίας	8	14841	Διοσκουριάς	Δ93	93	0.454545	Εἰληθυίας	Ε20	261.15	ngZG9x182Zmp6AGRlA294IGODASOpHmyOZ1j6DGR	1.000000		0
136527	Εἴνατος	9	8958	Μαίναλος	Μ17	17	0.625000	Εἴνατος	Ε21	261.17	ngAH9y283ARq6BHMmBT05JHFECTPqInzPASk6EHM	1.000000		0
136528	Εἰλεφσίοι	10	17034	Ἐλεύτιοι	Ε52	52	0.666667	Εἰλέσιον	Ε19	261.13	ngYF9w081Yvo4ZFCkYx8kHFZCZxNoGlxNYwi4CFC	0.777778		0
136529	Ἐκαδήμεια ἢ Ἀκαδήμεια	11	61196	Ἀκαδήμεια	Α147	147	0.473684	Ἐκαδήμεια ἢ Ἀκαδήμεια	Ε23	261.22	ngCJ9w485ETs8DJYoCb2mLJDGDbRsKpxREUm8GJY	1.000000		0
136530	Ἐχαλή	1	128480	Χάλκη	Χ14	14	0.600000	Ἑκαλή	Ε24	262.6	ngDK9x586FKt9EKbpE639MKSHDWStLqySFLn9HKb	0.800000		0
136531	Ἑκατοννησος		26718	Πελοπόννησος	Π95	95	0.666667	Ἑκατόννησοι	Ε26	263.1	ngFM9z788GsvsGMFrFY5pOMGJFeUvNsaUG7psJMF	0.909091		0
136532	Ἑκατόμπυλος		2344	Κάμπος	Κ50	50	0.545455	Ἑκατόμπυλος	Ε27	263.5	ngGN9a889HXwsHNwsHf61PNbKGZVwOtbVHYqsKNw	1.000000		0
136533	Ἐκβατάνα		61078	Ἀγβάτανα	Α28	28	0.750000	Ἐκβάτανα	Ε28	263.7	ngHO9b980IOxuIOPtHg73QOQLIgWxPucWIPruLOP	1.000000		0
136534	Ἐλαία		17048	Ἐλπία	Ε72	72	0.800000	Ἐλαία	Ε29	263.9	ngMT0E081NDc5NTAyOV84VTBQMFBcUzFBNEw5QTA	1.000000		0
136535	Ἑλαεύς		135398	Φελλεύς	Φ47	47	0.714286	Ἐλαιεύς	Ε30	263.15	ngNU0F182OUd2OUJzOm9yWUCRPGCdVaGCOVx2RUJ	0.857143		0
136536	Ἑλαίον		125148	Χάλαιον	Χ7	7	0.714286	Ἐλαιοῦς	Ε32	263.21	ngPW0H384Pcf3QWjbP41aYWMTQIEfXcIEP3z3TWj	0.714286		0
136537	Ἑλαοῦς		2466	Καοῦς	Κ64	64	0.666667	Ἐλαιοῦς	Ε32	263.21	ngPW0H384Pcf3QWjbP41aYWMTQIEfXcIEP3z3TWj	0.857143		0
136538	Ἑλαιούσσα		7640	Λαγοῦσσα	Λ9	9	0.777778	Ἐλαιοῦσσα	Ε33	263.23	ngQX0I485RHg5RXYcSZ2bZXDUQJFgYdJFRIa5UXY	1.000000		0
136540	Ἐλάτεια		28367	Πλατεῖα	Π178	178	0.857143	Ἐλάτεια	Ε34	264.3	ngRY0J586RYh5SYVdRK37AYKVRqGhZeKGRZb5VYV	1.000000		0
136541	Ἐλᾶνια		9603	Μελανδία	Μ123	123	0.750000	Ἐλαία	Ε29	263.9	ngMT0E081NDc5NTAyOV84VTBQMFBcUzFBNEw5QTA	0.833333		0
136542	Ἐλαφόννησος		26718	Πελοπόννησος	Π95	95	0.750000	Ἐλαφόνησος	Ε36	264.8	ngTA0n788VAjgUAnfTC57CAIXEMH1BgsIT7d1XAL	0.909091		0
136543	Ἐλβεσταί		12861	Ὀρέσται	Ο87	87	0.625000	Ἐλβέστιοι	Ε37	264.10	ngUB0M889ULkeVBMgU963DBNYUtJkChNJUMeeYBM	0.777778		0
136544	Ἐλβονθις		17100	Ἕρμωνθις	Ε124	124	0.625000	Ἔλβονθις	Ε38	264.12	ngVC0H980XMl4WCDhVE79ECqZGOJ1DiqKXDf0ZCN	1.000000		0
136545	Ἐλβώ		17036	Ἐλεών	Ε54	54	0.600000	Ἐλβώ	Ε39	264.14	ngWD1m081YDm3XDKiYF8hFDTAHPK3EjvLX0ggADu	1.000000		0
136546	Ἔλγος		17045	Ἕλος	Ε69	69	0.800000	Ἔλγος	Ε40	264.16	ngXE1B182ZOn2YETjYw93GEMBIQL1FksMYFhjBEJ	1.000000		0
136549	Ελένειος		15968	Ἐλένειος	Ἐ43	43	1.000000	Ἑλένειος	Ε43	265.1	ngAH1A485BRqmBHImCJ2nJHNELTOnInFPAyk5EHy	1.000000		0
136555	Ἑλικώνιος	1	20789	Θεμισώνιον	Θ22	22	0.600000	Δριλώνιος	Δ130	239.8	ngKR5W081LRauLRewLj81TRbOKjZaSxXZLSuuORe	0.666667	14878	0
136621	Ἐχαιά		13837	Δέραια	Δ56	56	0.666667	Ἐλαία	Ε29	263.9	ngMT0E081NDc5NTAyOV84VTBQMFBcUzFBNEw5QTA	0.800000		0
136655	Ἔφυρα	1	121832	Γέφυρα	Γ68	68	0.833333	Ἐφύρα	Ε180	290.3	ngLS5X182MibwMSXxLk91USEPMkAbTyYAMjvwPSX	1.000000		0
136656	Ἐχελῖδαι		17081	Ἐρεβίδαι	Ε105	105	0.750000	Ἐχελίδαι	Ε181	291.7	ngMT5Y283MzcxNTAyOV06VTJQOFBcUzZBM2wxQTA	1.000000		0
136657	Ἐλεῖος		15968	Ἐλένειος	Ἐ43	43	0.750000	Ἑλένειος	Ε43	265.1	ngAH1A485BRqmBHImCJ2nJHNELTOnInFPAyk5EHy	0.750000		0
136658	Ἐχετία		17084	Ἐρέτρια	Ε108	108	0.714286	Ἐχετία	Ε182	292.5	ngNU5Z384OEdyOUhzOG13WUSRNGCdVaACOFxyRUh	1.000000		0
136659	Ἐχέτιλα		17084	Ἐρέτρια	Ε108	108	0.571429	Ἐχετία	Ε182	292.5	ngNU5Z384OEdyOUhzOG13WUSRNGCdVaACOFxyRUh	0.857143		0
136660	Ἐχέτερα		15967	Ἐλέγεια	Ε42	42	0.571429	Ἐχέτρα	Ε184	292.8	ngPW5B586PWf7QWHbRI3aYWUTQIEfXcCEPXz7TWH	0.857143		0
136661	Ἐχῖται		8902	Λιταί	Λ80	80	0.666667	Ἐχῖναι	Ε185	292.10	ngQX5C687Qng8RXocQp49ZXDURJFgYdDFQoa8UXo	0.833333		0
136662	Ἐχῖνος		17091	Ἐρινεός	Ε115	115	0.714286	Ἐχῖνος	Ε186	292.16	ngRY5Z788TYh8SYhdSA5cAYKVRqGhZeAGTZb8VYh	1.000000		0
136663	Ζαβίδα	1	19507	Ζωβίδαι	Ζ32	32	0.714286	Ζάβιδα	Ζ1	293.3	ngSZ5E889SJi1TZKeTB6eBZFWULHiAfFHSKc1WZK	1.000000		0
136664	Ζάβιοι	2	44209	Τάβιοι	Τ3	3	0.833333	Ζάβιοι	Ζ2	293.5	ngTA5B980Ugj0UArfU071CAMXUsIjBgCIU9d0XAr	1.000000		0
136665	Ζάγκλη	3	2058	Καβύλη	Κ5	5	0.500000	Ζάγκλη	Ζ3	293.7	ngUB6C081WLk2VBkgUt8gDBRYWNJkChDJWMe2YBk	1.000000		0
136666	Ζάγυστις	4	2335	Κάλυτις	Κ41	41	0.625000	Ζάγυστις	Ζ4	293.14	ngVC6D182WCl2WCDhWO93ECKZVOKlDiEKWDf2ZCD	1.000000		0
136667	Ζαφεάμη	5	102821	Ἀφάκη	Α550	551	0.571429	Ζαδράμη	Ζ5	293.16	ngWD6E283XtmhXDKiXF07FDBAYPLmEjFLXughADK	0.714286		0
136668	Ζάτα	6	19500	Ζόαρα	Ζ25	25	0.600000	Ζαῖα	Ζ6	293.20	ngXE6F384Xun8YErjYw1jGECBXQMnFkGMXvh8BEr	0.750000		0
136669	Ζάκανθα		32056	Σάργανθα	Σ65	65	0.625000	Ζάκανθα	Ζ7	294.1	ngYF6G485ZPojZFUkAR24HFLCYRNoGlHNZQijCFU	1.000000		0
136670	Ζάκυνθος		96945	Ἀράκυνθος	Α375	375	0.777778	Ζάκυνθος	Ζ8	294.3	ngZG6H586ZGpjAGNlBS38IGMDZSOpHmIOZHjjDGN	1.000000		0
136671	Ζάρηξ		11079	Νᾶρυξ	Ν18	18	0.600000	Ζάρηξ	Ζ9	294.9	ngAH6I687AxqkBHumBJ46JHTEAzPqInJPAykkEHu	1.000000		0
136672	Ζάρητα		2598	Καρπηία	Κ98	98	0.571429	Ζάρητα	Ζ10	294.13	ngBI6v788Byr8CIXnBU5mKIGFCUQrJowQBzl8FIX	1.000000		0
136673	Ζαρίασπα		2597	Καρπασία	Κ97	97	0.625000	Ἅρπασα	Α445	125.1	ngVC6D182WCl2WCRhXE9gECIZVOKlDiEKWDf2ZCR	0.625000	99834	0
136674	Ζάυνξες		3084	Καῦνος	Κ139	139	0.571429	Ζαύηκες	Ζ12	294.19	ngDK6x980DUtnEKVpFM79MKWHEcStLqySDVnnHKV	0.714286		0
136675	Ζέβεκη		9623	Μενεκίνη	Μ143	143	0.500000	Ζεβέκη	Ζ13	294.21	ngEL7y081ELuoFLcqE185NLdIFdTuMrzTEMooILc	1.000000		0
136676	Ζειρηνία	1	3090	Κεβρηνία	Κ145	145	0.750000	Ζειρηνία	Ζ14	295.1	ngFM7v182Gsv6GMvrGe9sOMOJFeUvNswUG1p6JMv	1.000000		0
136701	Ἡιονεύς		12802	Οἰνοῦς	Ο28	28	0.571429	Τιτωνεύς	Τ143	627.6	ngZG9x182Zmp6AGRlBI96IGODASOpHmyOZ1j6DGR	0.625000	48707	0
136718	Ἀλβάκιος	1	2114	Κάλβιος	Κ25	25	0.625000	Ἄβαρνος	Α4	4.4	ngGN2G081GXw4HNasG182PNVKHZVwOtHVGYq4KNa	0.625000	61054	0
136724	Ἡσαῖος	7	19528	Ἥραιον	Η19	19	0.666667	Λήναιος	Λ47	413.14	ngOV0G283Ple4PVCaO30zXVDSPHDeWbHDPmy4SVC	0.714286		0
136749	Θέφηνη	8	11924	Ξιφήνη	Ξ8	8	0.666667	Θέρνη	Θ31	310.7	ngNU5Z384OEdyOUhzOG1aWUSRPGCdVaACOFxyRUh	0.666667	20798	0
136773	Αθωμιδησ	1	85714	Ἀξουμίτης	Α346	346	0.555556	Ἀγαμήδη	Α25	12.11	ngBI4F182BornCIznBU95KIQFDUQrJoGQB1lnFIz	0.500000	61075	0
136774	Θρεκεισ- / Θρεκηισ-		2079	Καισάρεια	Κ16	16	0.428571	Ἐλευθερίς	Ε48	266.1	ngFM1B980HMv3GMJrFO71OMaJGYUvNsCUHNp3JMJ	0.428571	17030	0
136775	Θριων		14878	Δριλών	Δ130	130	0.666667	Ἀρβών	Α392	111.13	ngUB0s889WBk1VBYgVD69DBHYFNI3ChtJV8e8YBC	0.600000	96962	0
136787	Ἰάγυρες		8431	Λίγυρες	Λ61	61	0.714286	Ἰάζυγες	Ι4	321.12	ngUB0M889ULkeVBMgVN69DBNYVtJkChNJUMeeYBM	0.714286	20848	0
136790	Ἰαλινούς		37783	Σελινοῦς	Σ104	104	0.750000	Ἁλιμοῦς	Α209	74.19	ngLS2H586LybxMSDxLU39USUPMkAbTyIAL5vxPSD	0.750000	80235	0
136793	Ἴαμνος (Ἴαμναι)	1	3290	Κοσίανα	Κ182	182	0.500000	Ἀκεσαμεναί	Α158	59.5	ngIP7y485JvysJPUuJ52tRPVMIBXyQvzXJ4ssMPU	0.500000	61207	0
136799	Ἴασος (πόλις Καρίας)	7	2495	Καρόπολις	Κ93	93	0.437500	Πανὸς πόλις	Π25	501.9	ngCJ6w889Cps9DJaoDL63LJxGEVRsKpxRC8m9GJa	0.500000	25156	0
136802	Ἰβηρία	3	22214	Ἰκαρία	Ι44	44	0.666667	Ἰβηρίαι	Ι19	323.5	ngJQ2F384KQzvKQhvKi1wSQWNJCYzRwGYKRtvNQh	0.857143	22190	0
136812	Ἰδέαις	8	2781	Δάαι	Δ1	1	0.500000	Ἀργαΐς	Α393	111.15	ngVC0H980XCliWCRhXE71ECqZGOJ1DiuKV9fhZCt	0.500000	96963	0
136817	Ἰρεα νῆσος	4	99802	Ἄρεος νῆσος	Α413	413	0.700000	Ἱερὰ νῆσος	Ι32	327.6	ngWD3A687Xtm9XDEiWF48FDvAWvLmEjBLXug9ADE	0.777778		0
136818	Ἰρεάπολις	5	11087	Νεάπολις	Ν26	26	0.777778	Ἱεράπολις	Ι33	327.8	ngXE3B788Ykn1YETjYw5kGEUBXQMnFkCMY7h1BET	0.777778	22203	0
136845	Ἴναχος		11070	Νάξος	Ν9	9	0.666667	Εἴνατος	Ε21	261.17	ngAH9y283ARq6BHMmBT05JHFECTPqInzPASk6EHM	0.714286		0
136846	Ἴδασσα		23645	Ἴρασα	Ι93	93	0.666667	Ἄσσα	Α488	135.18	ngQX0I485RHg6RXEcRJ27ZXRURpFgYdJFRIa6UXE	0.666667	102762	0
136875	Ἱρέσαια		12863	Ὀρεστία	Ο89	89	0.714286	Δρεσία	Δ128	239.3	ngIP4I889Ivy9JPyuJR6tRPXMKBXyQvJXI8s9MPy	0.714286	14876	0
136893	Ἴται		8902	Λιταί	Λ80	80	0.800000	Ἰεταί	Ι41	328.20	ngFM4F586HMvqGMdrGe3qOMwJGeUvNsGUHNpqJMd	0.800000	22211	0
136937	Καλλτιανός (Καλλιανός/Καλλιτιανός)	1	2473	Κάραλλις ἢ Καράλλεια	Κ71	71	0.366667	Ἀντίφελλος καὶ Φελλός	Α338	101.6	ngOV5A485OVeyPVKaPn28XVnSPnDeWbBDOWyySVK	0.400000		0
136954	Κάμπος (Κάμψος)	7	2341	Καμικός	Κ47	47	0.500000	Δαμασκός	Δ10	217.7	ngQX3I081SXg3RXkcRJ81ZXlURJFgYdJFSYa3UXk	0.500000	2790	0
136959	Κάννα		7223	Κύννα	Κ267	267	0.800000	Ἄννα	Α323	97.9	ngZG3D980AGp2AGLlBI74IGuDZSOpHmEOAHj2DGL	0.800000	85691	0
136984	Καφησσός	1	2478	Καρδησσός	Κ76	76	0.777778	Ἀκαλησσός	Α149	56.8	ngZG6H586ZGpjAGZlZS39IGADAyOpHmIOZHjjDGZ	0.777778	61198	0
136989	Αἰγαία		61168	Αἴθαια	Α119	119	0.833333	Αἰγαί	Α94	38.9	ngWD1m081YDm1XDWiXF82FDLAHPK3EjvLXEgjADE	0.833333		0
137007	λείχωρ		85692	Ἀννίχωρον	Α324	324	0.444444	Τεῖχος	Τ72	611.19	ngGN2G081GXw5HNYsIP81PNxKGfVwOtHVGYq5KNY	0.500000		0
137021	Καυκασία θηνλκῶς ἐπὶ τῆς χώρας		2610	Κασπία θάλασσα	Κ110	110	0.346154	Ἀκκαβικὸν τεῖχος	Α161	60.8	ngLS7b788LSb7MSDxMU57USgPMEAbTycALTv7PSD	0.346154	61210	0
137022	Κανκωνεία		2777	Καυλωνία	Κ138	138	0.666667	Καυκώνεια	Κ136	369.5	ngFM7v182Gsv6GMvrGe9rOMUJHYUvNswUG1p6JMv	0.888889	2636	0
137026	Καύστειον		3085	Καΰστριον	Κ140	140	0.888889	Κάστνιον	Κ121	366.17	ngQX5C687Qng8RXocQp4dZXDURJFgYdDFQoa8UXo	0.777778	2621	0
137038	Κίκονες		19523	Ἡμίκυνες	Η14	14	0.625000	Κίκονες		372.11	ngZG9x182Zmp6AGRlA291IGODBSOpHmyOZ1j6DGR	1.000000		0
137039	Κυναδοκολπίται		11067	Νακολία	Ν6	6	0.500000	Κιναιδοκολπῖται		372.13	ngAH9y283ARq6BHMmBJ0nJHBEAzPqInzPASk6EHM	0.866667		0
137044	Κοροφύτις	4	3273	Κορκυρίς	Κ165	165	0.666667	Κορδυτός	Κ159	373.7	ngFM9z788GsvsGMFrFY5sOMKJGYUvNsaUG7psJMF	0.666667	3267	0
137057	Κορσηπιος / Ὀροπάιος		7260	Κυχρεῖος πάγος	Κ304	304	0.470588	Ἄρειος πάγος	Α412	117.1	ngOV2K889OVe2PVGaQX60XVXSOnDeWbLDOWy2SVG	0.470588	99801	0
137058	Κορουνίων / Κορπῖλοι / Κορησαί / Κοροῖς / Κορύδαλλα		3257	Κεκροπία χώρα καὶ Κεκροπὶς φυλή	Κ150	150	0.307692	Τρίκαλον καὶ Τρίκαλα	Τ185	634.15	ngTA3L384VKj7UALfVC16CAIXTMIjBgMIVLd7XAL	0.358974	51022	0
137081	Κεφασέα		10210	Μέγασα	Μ108	108	0.571429	Ἀσέα	Α473	130.17	ngXE8v980YEn4YEvjYQ7hGEsBZQMnFkwMYFh4BEv	0.571429	99862	0
137097	Κερνῆδες	3	3513	Κρανίδες	Κ205	205	0.625000	Ἕρνικες	Ε125	279.1	ngEL9y687FbuqFLMqFX4pNLBIEXTuMrzTFcoqILM	0.625000	17101	0
137098	Κέρσοσα	4	2494	Κάρνος	Κ92	92	0.571429	Βέροια	Β76	164.25	ngHO7x384IOx8IOZtIA1rQOALIgWxPuyWIPr8LOZ	0.571429	108942	0
137100	Κέρστην	6	3525	Κρήτη	Κ217	217	0.571429	Ἀκέστη	Α159	59.9	ngJQ7z586Jwz5KQJvKC36SQaNJiYzRwaYJ5t5NQJ	0.571429	61208	0
137101	Κέρστη	7	3525	Κρήτη	Κ217	217	0.666667	Ἀκέστη	Α159	59.9	ngJQ7z586Jwz5KQJvKC36SQaNJiYzRwaYJ5t5NQJ	0.666667	61208	0
137108	Κόρβυτοι	4	2481	Καρδυτός	Κ79	79	0.625000	Κορδυτός	Κ159	373.7	ngFM9z788GsvsGMFrFY5sOMKJGYUvNsaUG7psJMF	0.750000	3267	0
137114	Κορημψων πόλις	4	7231	Κυνῶν πόλις	Κ275	275	0.615385	Κρομμύων πόλις	Κ228	386.14	ngAH6I687AxqkBHumBJ41JHXECTPqInJPAykkEHu	0.692308	3536	0
137164	Κυνῶν		7220	Κυνή	Κ264	264	0.600000	Αὐλών	Α542	147.6	ngSZ5E889SJi1TZOeSr6eBZXWULHiAfFHSKc1WZO	0.600000	102812	0
137180	Κυρετιανός – Κύρτις – Κυρέται – Κυρέτων – Κύτα – Κυταία		105839	Βάκυροι καὶ Βακυριανοί	Β21	21	0.300000	Ὑρτακός ἣ καὶ Ὑρτακῖνος	Υ48	652.20	ngUB3Y485WBkgVBCgUN24DBZYVNJkChZJWCegYBC	0.350000	61041	0
137188	Φιλόξενος	1	131921	Ὤλενος	Ω9	9	0.555556	Φιλέας	Φ67	665.19	ngXE1B182ZOn1YEvjYw95GECBIQL1FksMYPh6BEJ	0.555556	135418	0
137214	Λακιᾶδαι	2	7648	Λαιαῖοι	Λ17	17	0.625000	Λακιάδαι	Λ21	408.12	ngKR7a687LBa7LRYwL749TRHOLDZaSxbZLCu7ORY	1.000000		0
137217	Λαλισανδα	1	7637	Λάβρανδα	Λ6	6	0.666667	Λαλίσανδα	Λ24	409.1	ngNU7Z980PUdaOURzN074WUGRNmCdVaACPVxaRUR	1.000000		0
137218	Λάμια	2	7645	Λάεια	Λ14	14	0.800000	Λάμια	Λ25	409.4	ngOV8e081OFe0PVKaOX83XVPSOnDeWbfDOGy0SVK	1.000000		0
137219	Λαμπηνοί	3	32028	Σαμηνοί	Σ37	37	0.750000	Ἀλπηνοί	Α228	78.12	ngEL4E485GVuoFLcqGX2pNLzIGXTuMrFTGWooILc	0.750000	82888	0
137220	Λάμος	4	8031	Λάμψος	Λ35	35	0.833333	Λάμος	Λ27	409.12	ngQX8C283Rdg7RXIcSZ05ZXZURpFgYdDFR2a7UXI	1.000000		0
137221	Λάμπεια	5	9602	Μελάμπεια	Μ122	122	0.777778	Λάμπεια	Λ28	409.15	ngRY8D384TIh8SYpdR413AYqVSqGhZeEGTJb8VYp	1.000000		0
137222	Λαμπετεία	6	51392	Λακέρεια	Λ20	20	0.666667	Λαμπέτεια	Λ29	409.17	ngSZ8q485UZi4TZOeUB2dBZXWULHiAfrHUAc4WZO	1.000000		0
137223	τύπῳ. Λαμπεῖτινος γὰρ οὐ δύναται εἶναι διὰ τὴν παραλήψιν		8485	Μαδιηνοί καὶ Μαδιανῖται	Μ7	7	0.276596	Ἀτροπατία καὶ Ἀτροπάτιος	Α526	143.22	ngCJ4G283CTsnDJUoEV02LJRGEVRsKpHRCUmnGJU	0.276596	102796	0
137224	Λάμπη		82940	Ἄμπη	Α280	280	0.800000	Λάμπη	Λ31	410.5	ngUB8s687VhkhVBogWN4gDBNYUtJkChtJV6ehYBo	1.000000		0
137225	Λαμπύνεια		8975	Μακύνεια	Μ34	34	0.666667	Λαμπώνεια	Λ32	410.11	ngVC8t788XMl8WCRhW857ECqZVOKlDiuKXNf8ZCR	0.888889		0
137226	Λάμψα		32038	Σάμψα	Σ47	47	0.800000	Λάμια	Λ25	409.4	ngOV8e081OFe0PVKaOX83XVPSOnDeWbfDOGy0SVK	0.800000		0
137229	Κοδίδιον	1	3496	Κοτιάειον	Κ188	188	0.666667	Γορδίειον	Γ99	211.10	ngFM9z788GsvsGMFrFY5pOMOJGeUvNsaUG7psJMF	0.666667	125117	0
137239	Λαρισσα		8037	Λάρισσα	Λ45	45	1.000000	Λάρινα	Λ44	412.16	ngHO9b980IOxuIOPtH070QOgLHgWxPucWIPruLOP	0.714286	8036	0
137246	Λητωεύς		48708	Τλῆτες	Τ144	144	0.571429	Λητωεύς	Λ51	414.6	ngSZ0K687Spi7TZmeSr47BZjWTrHiAfLHSqc7WZm	1.000000		0
137247	Λητιμανδρος		8903	Λίχανδος	Λ81	81	0.636364	Ληψίμανδος	Λ52	414.8	ngTA0n788VAjgUArfT851CAoXEMH1BgsIT7d2XAT	0.818182		0
137248	Λιβανος / Λιβανῖτις – Λίβυς κτλ.		61139	Αἰανῖτις	Α89	89	0.333333	Ἰβαῖοι οἱ καὶ Ἰβηνοί	Ι18	323.3	ngIP2E283KZyvJPQuIB0uRPNMJBXyQvFXKAsvMPQ	0.375000	22189	0
137250	Λιβυστινοί		8432	Λιγυστίνη	Λ62	62	0.700000	Λιβυστῖνοι	Λ58	416.3	ngZG1V384BQp6AGDlZS1lIGODKSNlHmuOA3j3DGN	1.000000		0
137256	Λήθαος		8422	Λᾶος	Λ38	38	0.666667	Λήναιος	Λ47	413.14	ngOV0G283Ple4PVCaO30zXVDSPHDeWbHDPmy4SVC	0.714286		0
137257	Αἴλαια		8435	Λίλαια	Λ65	65	0.833333	Αἴθαια	Α119	46.4	ngVC3Z586XCl9WCNhVO30ECmZVuKlDiAKXDf9ZCN	0.833333	61168	0
137300	Λύκων		8466	Λυκώνη	Λ108	108	0.833333	Λύκων	Λ107	422.9	ngWD6E283XtmhXDKiXv0iFDFAXvLmEjFLXughADK	1.000000	8465	0
137306	Λυρηγοῦς		11039	Μυρικοῦς	Μ249	249	0.625000	Λητοῦς	Λ50	414.1	ngRY0J586RYh5SYVdRA3cAYAVSqGhZeKGRZb5VYV	0.625000		0
137320	Μάγνητος		8479	Μάγαρσος	Μ1	1	0.625000	Ἀγνῶτες	Α39	20.7	ngPW5B586PWf7QWXbQY3bYWITQoEfXcCEPXz7TWX	0.625000	61089	0
137321	Μαδυηνοί		8486	Μαδυτός	Μ8	8	0.625000	Ἀκχηνοί	Α183	66.5	ngHO9b980IOxuIOTtJA7rQOgLHgWxPucWIPruLOT	0.625000	80209	0
137330	Μάκη	2	61209	Ἄκη	Α160	160	0.750000	Μάκη	Μ16	426.4	ngZG9x182Zmp6AGRlBI9kIGIDAyOpHmyOZ1j6DGR	1.000000	8957	0
137338	Μακαρεῖα		8964	Μακαρέαι	Μ23	23	0.750000	Λακέρεια	Λ20	408.8	ngJQ7z586Jwz5KQJvJi3uSQWNLCYzRwaYJ5t5NQJ	0.750000	51392	0
137343	Μάχαρα		2336	Καμάρα	Κ42	42	0.666667	Αὔαρα	Α532	144.19	ngIP4I889Ivy9JPguKR6tRPRMIhXyQvJXI8s9MPg	0.666667	102802	0
137370	Μαντύη καὶ Μάντυα		8992	Μαννάκαρτα	Μ51	51	0.466667	Μαντύη καὶ Μάντυα	Μ55	431.12	ngQX3I081SXg3RXkcRZ8cZXhURpFgYdJFSYa3UXk	1.000000	8996	0
137406	Μανυερτανία		9586	Μαυριτανίαι	Μ100	100	0.636364	Ἀκυτανία	Α180	65.19	ngEL9y687FburFLSqEd4qNLTIGXTuMrzTFcorILS	0.636364	80206	0
137407	Μανουοῦσιοι		2061	Καδούσιοι	Κ8	8	0.636364	Αἰδούσιοι	Α117	46.1	ngTA3L384VKj7UAFfUC15CACXTsIjBgMIVLd7XAF	0.636364	61166	0
137463	Μεσαρπατέα		2597	Καρπασία	Κ97	97	0.500000	Ἁρπάγια	Α443	124.9	ngTA5B980Ugj0UAXfVC7gCAsXTsIjBgCIU9d0XAX	0.500000	99832	0
137504	Μολογερία		108987	Βολογεσιάς	Β121	121	0.700000	Μολορχία	Μ202	455.6	ngLS7b788LSbyMSfxNE52USAPNEAbTycALTvyPSf	0.666667	10304	0
137519	Μοτύνη		10317	Μοτίνη	Μ215	215	0.833333	Μοτύη	Μ216	457.8	ngZG9x182Zmp6AGRlBS96IGqDZyOpHmyOZ1j6DGR	0.833333	10318	0
137526	Μόμφον		10325	Μόψιον	Μ223	223	0.666667	Γόμφοι	Γ91	210.9	ngXE8v980YEn4YEJjXQ74GEGBXwMnFkwMYFh4BEJ	0.666667	125109	0
137527	Μορφτία		9004	Μάργαια	Μ63	63	0.571429	Βοιωτία	Β116	173.4	ngZG1V384BQplAGLlA41jIGuDKSNlHmuOZxj5DGp	0.571429	108982	0
137539	Μίνδος		8895	Λίνδος	Λ73	73	0.833333	Ἰνδός	Ι64	332.11	ngCJ6w889Cps9DJaoD96mLJRGDVRsKpxRC8m9GJa	0.833333	22234	0
137549	Μνέχῖνος		11041	Μύρκινος	Μ251	251	0.625000	Ἐχῖνος	Ε186	292.16	ngRY5Z788TYh8SYhdSA5cAYKVRqGhZeAGTZb8VYh	0.750000		0
137561	Μυτιοκέφατος / Μυτιόστατος	3	11053	Μυτισέρατος	Μ263	263	0.391304	Μυτίστρατος	Μ264	465.14	ngZG3D980AGp2AGtlAS74IGODASOpHmEOAHj2DGt	0.434783	11054	0
137573	παρὰ τὸν Νάκωλον τὸν Δασκύλου παῖδα		14874	Δράκοντος νῆσος	Δ126	126	0.300000	Ἀντικονδυλεῖς	Α331	98.14	ngHO4H788IuxsIOTtIA59QOELHAWxPuIWI7rsLOT	0.300000	85698	0
137606	Νηρεία		28332	Πήρεια	Π143	143	0.833333	Γήρεια	Γ73	207.13	ngFM7v182Gsv6GMvrGO96OMaJGYUvNswUG1p6JMv	0.833333	128415	0
137625	Νιάβρις		8433	Λίηβρις	Λ63	63	0.714286	Ἴαβις	Ι1	321.5	ngRY0J586RYh5SYVdRK37AYAVSqGhZeKGRZb5VYV	0.714286	20845	0
137649	Νωνακρῖται / Νωνακρῖτις		2487	Καρκινῖτις	Κ85	85	0.400000	Αἰανῖτις	Α89	37.11	ngRY0J586RYh5SYRdRA3cAYmVRKGhZeKGRZb5VYR	0.400000	61139	0
137659	Ξυνπετειον		7219	Κυνέτεια	Κ263	263	0.600000	Λαμπέτειον	Λ30	410.3	ngTA8L586TKjdUABfTM37CAsXU6H7B6eITBddXAH	0.700000		0
137663	Ὄασος	4	2607	Κάσος	Κ107	107	0.800000	Ἄσος	Α481	134.3	ngFM9z788GsvsGMBrF85rOMaJHYUvNsaUG7psJMB	0.800000	102756	0
137673	Ὀρφεωνός		12791	Ὀθρωνός	Ο17	17	0.625000	Ἐτεωνός	Ε144	283.8	ngBI1B586BSr8CIXnCa35KKmFB6PlJosQBzl7FIF	0.625000	18267	0
137688	Θετταλός		8994	Μάνταλος	Μ53	53	0.625000	Ἀτταλίς	Α528	144.9	ngEL4E485GVuoFLcqF529NLNIEdTuMrFTGWooILc	0.625000	102798	0
137699	Ὀλξίων	4	12817	Ὀλιζών	Ο43	43	0.666667	Ἀλβίων	Α197	69.16	ngZG1V384BQplAGplZy1jIGODKSNlHmuOZxj6DGV	0.666667	80223	0
137702	Ὀλύκααι	1	12829	Ὄλυκα	Ο55	55	0.714286	Ὀλύκραι	Ο56	491.1	ngTA0n788VAjgUAnfVM59CAYXEMH1BgsIT7d1XAn	0.857143	12830	0
137736	'Ορφυη	4	3277	Κορόπη	Κ170	169	0.500000	Ὄρθη		495.12	ngBI4F182BornCIvnBK9nKIGFBUQrJoGQB1lnFIv	0.600000		0
137737	'Ορσιον	5	3523	Κρήσιον	Κ215	215	0.714286	Ὄριον		495.19	ngCJ4G283CTsnDJOoCL03LJLGDbRsKpHRCUmnGJO	0.833333		0
137738	Ὀρνεαί ἢ Ὀρνεαί		12797	Οἰνειάδαι	Ο23	23	0.461538	Ὀρνειαί ἢ Ὀρνεαί		496.1	ngDK4H384DKtpEKHpDW14MKWHDcStLqISDLnpHKH	0.928571		0
137757	Πανδατερία	5	2457	Κάνδαρα	Κ55	55	0.600000	Πανδατερία	Π21	500.16	ngYF6G485ZPojZFUkZ526HFRCYxNoGlHNZQijCFU	1.000000		0
137760	Πανός		11934	Ὄανος	Ο2	2	0.800000	Πανός	Π24	501.7	ngBI6v788Byr8CIXnBK5oKIUFBaQrJowQBzl8FIX	1.000000	25155	0
137761	Πανὸς πόλις		2495	Καρόπολις	Κ93	93	0.700000	Πανὸς πόλις	Π25	501.9	ngCJ6w889Cps9DJaoDL63LJxGEVRsKpxRC8m9GJa	1.000000	25156	0
137784	Παρυθαιοί	2	25171	Παρθυαῖοι	Π48	48	0.777778	Παραυαῖοι	Π37	503.6	ngOV8e081OFe0PVKaOn8zXVDSQHDeWbfDOGy0SVK	0.777778	26660	0
137824	Πέρηνη (Θρᾴκης)		26733	Πέρινθος	Π110	110	0.500000	Γεράνθραι	Γ56	203.13	ngOV5A485OVeyPVAaPn2bXVPSOnDeWbBDOWyySVA	0.500000	121820	0
137875	Πλάκη		8976	Μαλάκη	Μ35	35	0.666667	Πλάκη	Π172	525.14	ngBI1B586BSr9CIznB637KKmFB6PlJowQDJloFIN	1.000000	28361	0
137887	ληξιν		80227	Ἀλήσιον		201	0.571429	Ἀλήσιον	Α201	72.17	ngDK1D788DKt1EKVpEM52MKAHDWStLqESDLn1HKV	0.571429		0
137912	Ποφμία καὶ Ποφμίον		25157	Παντικάπαιον	Π26	26	0.500000	Πορθμία καὶ Πορθμίον	Π213	533.4	ngQX5C687Qng8RXocQZ47ZXZURpFgYdDFQoa8UXo	0.777778	28395	0
137927	Πραικία / Πραικες		28342	Πικίαντες	Π153	153	0.500000	Πρακίαι καὶ Πρᾶκες	Π227	534.7	ngEL7y081ELuoFLcqEd84NLNIEdTuMrzTEMooILc	0.687500	30082	0
137931	Πραισαί		28407	Πραισός	Π225	225	0.714286	Βραισοί	Β160	184.7	ngRY5Z788TYh8SYhdSK59AYOVRKGhZeAGTZb8VYh	0.714286	115324	0
137942	Πιόφανα		12836	Ὄμανα	Ο62	62	0.571429	Ἵπανα	Ι80	335.15	ngSZ8q485UZi4TZOeUB27BZjWSrHiAfrHUAc4WZO	0.571429	23632	0
138007	Ῥηγίλλος		30173	Ῥήγιον	Ρ24	23	0.625000	Ῥήγιλλος	Ρ23	544.12	ngVC6D182WCl2WCDhWu9fECWZWuKlDiEKWDf2ZCD	1.000000		0
138088	Σάμοργα καὶ Σάμοργος		31997	Σαγαλασσός	Σ6	6	0.444444	Σιμόεις καὶ Σιμοῦς	Σ163	569.15	ngAH6I687AxqkBHumBz40JHPECTPqInJPAykkEHu	0.555556	37842	0
138122	Σατείριον		32076	Σατύριον	Σ85	85	0.777778	Ἀτέριον	Α517	142.8	ngTA3L384VKj7UAFfUs1dCAQXTMIjBgMIVLd7XAF	0.777778	102787	0
138130	Σγίδα	1	37807	Σίβδα	Σ128	128	0.600000	Σεγίδα	Σ94	559.1	ngFM9z788GsvsGMBrHY5rOMKJHYUvNsaUG7psJMB	0.833333	37773	0
138139	Σελήνη	1	37782	Σελήνης	Σ103	103	0.857143	Πελλήνη	Π93	515.12	ngWD3A687Xtm9XDEiWP4jFDTAWPLmEjBLXug9ADE	0.714286	26716	0
138188	Σίκμηος	3	37835	Σίκημος	Σ156	156	0.714286	Σίκινος	Σ157	568.17	ngUB6C081WLk2VBkgVN84DBpYUNJkChDJWMe2YBk	0.714286	37836	0
138194	Σίμψρα		8893	Λίμυρα	Λ71	71	0.666667	Ἱμέρα	Ι58	331.17	ngWD6E283XtmhXDKiXF05FDXAWvLmEjFLXughADK	0.666667	22228	0
138195	Σίμοις		37842	Σιμόεις	Σ163	163	0.857143	Αἷμος	Α131	50.8	ngHO4H788IuxsIOTtIA57QOILIgWxPuIWI7rsLOT	0.666667	61180	0
138196	Σίμυρα		8893	Λίμυρα	Λ71	71	0.833333	Ἴμυρα	Ι59	331.20	ngXE6F384Xun8YErjYw1jGEMBXQMnFkGMXvh8BEr	0.833333	22229	0
138204	Σίνδυος		8895	Λίνδος	Λ73	73	0.714286	Ἰνδός	Ι64	332.11	ngCJ6w889Cps9DJaoD96mLJRGDVRsKpxRC8m9GJa	0.714286	22234	0
138210	Σίβων καὶ Σιβωνίς		11897	Νίσιβις	Ν65	65	0.466667	Ἰάων καὶ Ἰήων	Ι17	322.21	ngHO2D182IuxtIOxtH292QOcLIAWxPuEWI1rtLOx	0.600000	22188	0
138237	Σκίδρος		39858	Σκίρος	Σ210	210	0.857143	Σκίδρος	Σ207	575.1	ngWD1m081YDm3XDWiW18iFDBAHPK3EjvLX0gjADW	1.000000		0
138255	Συβιῆς (Συβίων)		23661	Ἰσσώριον	Ι109	109	0.416667	Βήσσυγα	Β90	168.5	ngVC8t788XMl8WCVhXO5iECOZVuKlDiuKXNf8ZCV	0.416667	108956	0
138275	Σόλοι (Κιλικίας)		37834	Σικελία	Σ155	155	0.461538	Βολογεσσιάς	Β121	175.1	ngEL1E889Ebu3FLSqE969NLTIFXTuMrFTEco3ILS	0.461538	108987	0
138276	Σόλους (Σικελίας)		8447	Λουσιτανία	Λ89	89	0.500000	Βολογεσσιάς	Β121	175.1	ngEL1E889Ebu3FLSqE969NLTIFXTuMrFTEco3ILS	0.500000	108987	0
138290	Σπάγγρηνδε	1	2337	Καμαρηνοί	Κ43	43	0.400000	Ἀγαμήδη	Α25	12.11	ngBI4F182BornCIznBU95KIQFDUQrJoGQB1lnFIz	0.400000	61075	0
138325	Σινάγεα	9	11893	Νίναια	Ν61	61	0.571429	Ἰναχία	Ι61	331.23	ngZG6H586ZGpjAGNlBS36IGEDASOpHmIOZHjjDGN	0.571429	22231	0
138334	Συνήν		7220	Κυνή	Κ264	264	0.600000	Θύνη	Θ74	320.6	ngEL9y687FbuqFLMqE741NLFIFdTuMrzTFcoqILM	0.600000	20836	0
138357	Σφαγῖτις	1	32046	Σάντις	Σ55	55	0.625000	Αἰανῖτις	Α89	37.11	ngRY0J586RYh5SYRdRA3cAYmVRKGhZeKGRZb5VYR	0.625000	61139	0
138374	Ταβᾶθα		2345	Κάναθα	Κ51	51	0.666667	Τάβαθρα	Τ5	598.1	ngNU5Z384OEdyOUhzO41yWUWROmCdVaACOFxyRUh	0.857143		0
138387	Γαῖαι / Ταναῒς / Τάνις		9586	Μαυριτανίαι	Μ100	100	0.500000	Αἰανῖτις	Α89	37.11	ngRY0J586RYh5SYRdRA3cAYmVRKGhZeKGRZb5VYR	0.500000	61139	0
138396	Τάφανος		44215	Τάμασος	Τ10	10	0.714286	Ἀλανός	Α193	69.4	ngVC0H980XCliWCVhVE71ECqZGOJ1DiuKV9fiZCN	0.714286		0
138400	Τάρην	1	2482	Καρήνη	Κ80	80	0.666667	Βαρήνη	Β41	159.4	ngYF3C889ZPo1ZFCkAR60HFRCYxNoGlDNZQi1CFC	0.666667	105859	0
138402	Βιθυνιακῶν Τάφσειαν		7630	Κωστάντεια	Κ316	316	0.388889	Βιθυνία	Β98	169.19	ngDK9x586FKt9EKPpE638MKQHFWStLqySFLn9HKP	0.388889	108964	0
138405	Τάφραφα		2475	Κάρανα	Κ73	73	0.571429	Τάφραι	Τ61	609.9	ngVC0H980XMl4WClhWO7fECKZGOJ1DiqKXDf2ZCZ	0.714286		0
138406	Τάφρη		2077	Καιρή	Κ15	14	0.600000	Τάφραι	Τ61	609.9	ngVC0H980XMl4WClhWO7fECKZGOJ1DiqKXDf2ZCZ	0.666667		0
138408	Ταχώνιον		51041	Τριχώνιον	Τ204	204	0.777778	Ταρχώνιον	Τ45	607.3	ngBI9z384BIr8CIFnBa16KIGFBUQrJoaQBJl8FIF	0.888889		0
138409	Ταῦα		32077	Σαῦα	Σ86	86	0.750000	Ταῦα	Τ46	607.6	ngCJ9w485ETs8DJYoDV2oLJxGEVRsKpxREUm8GJY	1.000000		0
138410	Ταύακα		51007	Τραύαλα	Τ170	170	0.714286	Ταύακα	Τ47	607.8	ngDK9x586FKt9EKbpEM39MKQHFWStLqySFLn9HKb	1.000000		0
138411	Ταΰγετον		44217	Ταμιεῖον	Τ13	12	0.625000	Ταΰγετον	Τ48	607.10	ngEL9y687FbuqFLMqFd4qNLJIGXTuMrzTFcoqILM	1.000000		0
138412	Ταυλάντιοι		25136	Παλλάντιον	Π4	4	0.700000	Ταυλάντιοι	Τ49	607.14	ngFM9z788GsvsGMBrG850OMOJGeUvNsaUG7psJMB	1.000000		0
138413	Ταυρακία		44240	Ταρρακῖνα	Τ35	35	0.777778	Ταυρασία	Τ50	607.18	ngGN9a889HXwsHNwsIZ63PNfKGfVwOtbVHYqsKNw	0.875000		0
138414	Ταυρική		44220	Ταμυράκη	Τ16	15	0.750000	Ταυρική	Τ51	607.20	ngHO9b980IOxuIOPtIA73QOQLHgWxPucWIPruLOP	1.000000		0
138415	Ταυρικός		2341	Καμικός	Κ47	47	0.625000	Ταυρίσκοι	Τ52	608.3	ngMT0E081NDc5NTEyMV85VTBQMFBcUzFBNEw5QTE	0.777778		0
138416	Ταυρῖσκοι		2637	Καυλίκοι	Κ137	137	0.666667	Ταυρίσκοι	Τ52	608.3	ngMT0E081NDc5NTEyMV85VTBQMFBcUzFBNEw5QTE	1.000000		0
138417	Ταυρόεις		8982	Μαλόεις	Μ41	41	0.625000	Ταυρόεις	Τ53	608.6	ngNU0F182OUd2OUJzN295WUiRNGCdVaGCOVx2RUJ	1.000000		0
138418	Ταυρομένιον		60985	Τυρμένιοι	Τ230	230	0.727273	Ταυρομένιον	Τ54	608.12	ngOV0G283Ple4PVCaO306XVnSOnDeWbHDPmy4SVC	1.000000		0
138419	Ταυροπόλιον		2495	Καρόπολις	Κ93	93	0.636364	Ταυροπόλιον	Τ55	608.14	ngPW0H384Pcf3QWjbPY1zYWkTRIEfXcIEP3z3TWj	1.000000		0
138420	Ταυρόπολις		2495	Καρόπολις	Κ93	93	0.800000	Ταυρόπολις	Τ56	608.15	ngQX0I485RHg5RXCcQZ2bZXVUQJFgYdJFRIa5UXC	1.000000		0
138421	Ταῦρος		11919	Ξαῦρος	Ξ3	3	0.833333	Ταῦρος	Τ57	608.16	ngRY0J586RYh5SYVdRq35AYiVRqGhZeKGRZb5VYV	1.000000		0
138422	Ταυγέχεια		3553	Κυβέλεια	Κ245	245	0.555556	Αὔγεια	Α535	145.8	ngLS5X182MibwMSTxME92UScPLkAbTyYAMjvwPST	0.666667	102805	0
138424	Τάφος	2	26701	Πάφος	Π78	78	0.800000	Τάφος	Τ59	609.3	ngTA0n788VAj7UAHfTC5eCAQXEMH1BgsIULddXAL	1.000000		0
138425	Ταφουσίς	3	3541	Κρουσίς	Κ232	233	0.625000	Ταφόσιρις	Τ60	609.7	ngUB0M889ULkeVBMgUD60DBHYUNJkChNJUMeeYBM	0.666667		0
138426	Τάφειρα / Τάφρη	4	2056	Καβειρία	Κ3	3	0.416667	Ἀβρινάται	Α13	9.1	ngPW2L980Pmf4QWDbQo7zYWUTPIEfXcMEPnz4TWD	0.416667	61063	0
138427	Ταχεμβώ	5	131904	Ψιττάχεμμις	Ψ14	14	0.454545	Ταχεμψώ	Τ62	609.15	ngWD1m081YDm3XDWiWP80FDBAHPK3EjvLX0gjADK	0.857143		0
138428	Τεανόν	6	28321	Πέφνον	Π132	132	0.666667	Τεανόν	Τ63	609.17	ngXE1B182ZOn2YELjYG9jGEsBIQL1FksMYFhhBEF	1.000000		0
138429	Τέβερις	7	48683	Τιβεριάς	Τ119	119	0.750000	Τέβερις	Τ64	609.19	ngYF1G283AFo7ZFGkAH06HFtCJRM3GlxNAGi3CFw	1.000000		0
138430	Τεγέα	8	48653	Τενέα	Τ89	89	0.800000	Τεγέα	Τ65	609.21	ngZG1V384BQp6AGZlZy13IGODKSNlHmuOA3jmDGV	1.000000		0
138431	Τεγεάτης καὶ Μαίνᾶλος		8958	Μαίναλος	Μ17	17	0.421053	Ἀγαθοῦ δαίμονος	Α22	11.20	ngYF3C889ZPo1ZFCkAR6jHFtCARNoGlDNZQi1CFC	0.421053	61072	0
138432	Τεγέσταρα		15961	Ἔγεστα	Ε8	8	0.666667	Τέγεστρα	Τ66	610.18	ngAH1A485BRqmBHqmCJ2lJHNELTOnInFPAyk7EHy	0.888889		0
138433	Τεγησσός		48663	Τερμησσός	Τ99	99	0.777778	Τεγησσός	Τ67	611.1	ngBI1B586BSr0CIXnDK37KKmFB6PlJoaQBzl0FIN	1.000000		0
138435	Τεκιόθεις		26704	Πεδιεῖς	Π81	81	0.555556	Τειχιόεις	Τ70	611.15	ngEL1E889Ebu3FLMqGX6qNLBIGXTuMrFTEco3ILM	0.666667		0
138436	Τειχιοῦσσα		17089	Ἐρικοῦσσα	Ε113	113	0.600000	Τειχιόεσσα	Τ71	611.17	ngFM1B980HMv3GMFrHO73OMUJHYUvNsCUHNp3JMF	0.900000		0
138437	Τεῖχος		11091	Νεῖλος	Ν30	30	0.666667	Τεῖχος	Τ72	611.19	ngGN2G081GXw5HNYsIP81PNxKGfVwOtHVGYq5KNY	1.000000		0
138438	Τέκμων		46440	Τελαμών	Τ75	75	0.714286	Τέκμων	Τ73	611.21	ngHO2D182IuxtIOxtHQ94QOcLIAWxPuEWI1rtLOx	1.000000		0
138465	Τετραπόλις		22203	Ἱερὰ πόλις	Ι33	33	0.800000	Τετράπολις	Τ100	618.3	ngIP4I889Ivy9JPyuJ96sRPFMIBXyQvJXI8s9MPy	1.000000	48664	0
138467	Τενυδανία		48667	Τευθρανία	Τ103	103	0.666667	Ἀνδανία	Α310	93.19	ngMT2I687NDczNTYyM747VTJQMFBcUzJBNEwzQTY	0.666667	85678	0
138478	Τῆνος / Τηνεῖς		7225	Κυνόσαργες	Κ269	269	0.454545	Γονεῖς	Γ93	210.13	ngZG9x182Zmp6AGRlBS9kIGEDASOpHmyOZ1j6DGR	0.454545	125111	0
138483	Τιβυρεῖνος · Τίγγις · Τιγεανόκερτα · Τιθοραία	1	39863	Σκορδίσκοι καὶ Σκίρτιοι	Σ215	215	0.305556	Βάκυροι καὶ Βακυριανοί	Β21	156.16	ngEL1E889Ebu3FLSqE968NLzIFXTuMrFTEco3ILS	0.305556	105839	0
138495	Τιγέσα		51037	Τρίτεια	Τ200	200	0.571429	Τεγέα	Τ65	609.21	ngZG1V384BQp6AGZlZy13IGODKSNlHmuOA3jmDGV	0.666667		0
138498	Τιτάνου τε λευκὰ κάρηνα	1	8992	Μαννάκαρτα	Μ51	51	0.350000	Ἀρεία κρήνη	Α411	116.13	ngNU2J788NUdyOUlzNG51WUAROGCdVaKCNVxyRUl	0.350000	99800	0
138536	Τειχηη		9614	Μελιτηνή	Μ134	134	0.500000	Τεῖχος	Τ72	611.19	ngGN2G081GXw5HNYsIP81PNxKGfVwOtHVGYq5KNY	0.666667		0
138544	Τριποδίσκος καὶ Τριποδίσκοι	1	39863	Σκορδίσκοι καὶ Σκίρτιοι	Σ215	215	0.480000	Τριποδίσκος καὶ Τριποδίσκοι	Τ195	637.1	ngDK4H384DKtpEKHpDM13MKAHDWStLqISDLnpHKH	1.000000	51032	0
138609	Ύχαρα		19500	Ζόαρα	Ζ25	25	0.600000	Αὔαρα	Α532	144.19	ngIP4I889Ivy9JPguKR6tRPRMIhXyQvJXI8s9MPg	0.600000	102802	0
138615	Ὕλλις		61020	Ὑλλεῖς	Υ27	27	0.833333	Βύλλις	Β192	190.12	ngXE8v980YEn4YEJjXG7hGEGBXwMnFkwMYFh4BEJ	0.833333	115357	0
138616	Ὑλαύλα		61016	Ὑλαία	Υ23	23	0.666667	Ἐλαύια	Ε35	264.6	ngSZ0K687Spi7TZmeSB49BZLWSrHiAfLHSqc7WZm	0.666667		0
138618	Ῑολφ		23624	Ἰόπη	Ι73	72	0.500000	Αἰολία	Α138	53.9	ngOV5A485OVeyPVKaPn27XVHSOnDeWbBDOWyySVK	0.500000	61187	0
138636	Ὑστακός	5	61041	Ὑρτακός	Υ48	48	0.857143	Ἀστακός	Α497	137.14	ngZG1V384BQplAGLlAI13IGODKSNlHmuOZxj5DGH	0.857143	102771	0
138637	Ύσσακίνος		37836	Σίκινος	Σ157	157	0.666667	Ἀσσακηνοί	Α489	135.20	ngRY0J586RYh5SYRdRA39AYSVSqGhZeKGRZb5VYR	0.666667	102763	0
138642	Ὑστατάστα		23683	Ἰωτάπατα	Ι131	131	0.555556	Ἀρτάξατα	Α459	128.1	ngJQ7z586Jwz5KQJvKC39SQWNKCYzRwaYJ5t5NQJ	0.555556	99848	0
138650	Φαγωρίον		2623	Κασώριον	Κ123	123	0.750000	Φαγρώριον	Φ4	654.10	ngHO4H788IuxtIOZtIg52QOILIgWxPuIWI7rtLOZ	0.888889		0
138665	Φάραγθος	6	135381	Φάρβαιθος	Φ29	29	0.777778	Φάραθος	Φ26	657.20	ngDK6x980DUtnEKVpE07pMKIHFWStLqySDVnnHKV	0.875000		0
138675	Φαντία		105850	Βαντία	Β32	32	0.833333	Φαντία	Φ44	661.9	ngWD8u889XDm8XDOiWF6jFDXAWvLmEjvLXEg8ADO	1.000000		0
138707	Φλιοῦς / Φλιοῦντιος	1	4934	Δυσπόντιον	Δ144	144	0.437500	Λούγδουνος	Λ86	419.9	ngBI4F182BornCIvnBU94KIUFCaQrJoGQB1lnFIv	0.500000	8444	0
138710	Φλυοβρία / Φοῖβος	4	11038	Μυρίανδρος	Μ248	248	0.428571	Δουρίοπος	Δ120	237.21	ngAH4E081Axq2BHMmBJ8nJHTEBzPqInFPAyk2EHM	0.428571	14868	0
138727	Φεατεία		28367	Πλατεῖα	Π178	178	0.714286	Ἐλάτεια	Ε34	264.3	ngRY0J586RYh5SYVdRK37AYKVRqGhZeKGRZb5VYV	0.714286		0
138732	Φηΐς, Φηρτός, Φηῆτες, ἔθνος Λιβυκόν	1	10314	Μοσσύνοικοι	Μ212	212	0.285714	Ἀφροδίτης πόλις	Α559	150.21	ngJQ7z586Jwz5KQJvKC30SQaNJiYzRwaYJ5t5NQJ	0.285714	105796	0
138746	Χαβαρηνοί		2337	Καμαρηνοί	Κ43	43	0.777778	Χαβαρηνοί	Χ1	676.9	ngCJ6w889Cps9DJaoEL6nLJZGEVRsKpxRC8m9GJa	1.000000		0
138747	Χαδοσία	1	25147	Πανδοσία	Π15	15	0.750000	Χαδισία	Χ2	677.3	ngDK6x980DUtnEKVpE07nMKcHDcStLqySDVnnHKV	0.857143		0
138748	Χαδοσματίται	2	2612	Κασσανῖται	Κ112	112	0.583333	Χαδραμωτῖται	Χ3	677.11	ngEL7y081ELuoFLcqFN83NLdIEdTuMrzTEMooILc	0.750000		0
138755	Χαλδαία		128476	Χαλδία		9	0.857143	Χαλδία	Χ10	680.18	ngLS7b788LSbyMSfxMU5wUSgPNEAbTycALTvyPSf	0.857143		0
138765	Χανδανακη		128487	Χανδανάκη		21	1.000000	Χανδανάκη	Χ20	686.3	ngVC8t788XMl8WCRhW85gECWZVuKlDiuKXNf8ZCR	1.000000		0
138766	Χανδάνη		128486	Χανδάνη		20	1.000000	Χανδάνη	Χ21	686.5	ngWD8u889XDm8XDOiWF68FDrAWPLmEjvLXEg8ADO	1.000000		0
138767	Χανοία		25151	Πανία	Π19	19	0.666667	Ἀναία	Α302	92.3	ngEL1E889Ebu3FLSqE96rNLdIEdTuMrFTEco3ILS	0.666667	85670	0
138768	Χαονιτικόν		7221	Κυνητικόν	Κ265	265	0.600000	Ἀκόντιον	Α164	61.15	ngOV8e081OFe0PVGaPX82XVjSOHDeWbfDOGy0SVG	0.600000	61213	0
138774	Χαρίστεια		128494	Χαρισία		28	0.777778	Ἀδράστεια	Α64	28.4	ngOV8e081OFe0PVGaPX84XVBSQHDeWbfDOGy0SVG	0.666667	61114	0
